{"mean_reward": 266.36263632718635, "std_reward": 43.26036535815052, "is_deterministic": true, "n_eval_episodes": 10, "eval_datetime": "2024-03-15T07:29:44.128602"}